{
  "methods": [
    {
      "total_questions": 1000,
      "valid_responses": 1000,
      "error_responses": 0,
      "success_rate": 1.0,
      "avg_answer_similarity": 0.7432589273682165,
      "std_answer_similarity": 0.08896212100784104,
      "min_answer_similarity": 0.39130024620824516,
      "max_answer_similarity": 0.8816637279417012,
      "avg_question_answer_relevance": 0.8583974171669019,
      "std_question_answer_relevance": 0.06652617403406068,
      "min_question_answer_relevance": 0.410963539439938,
      "max_question_answer_relevance": 0.9728742705011997,
      "avg_rouge_1": 0.17624024124765936,
      "std_rouge_1": 0.09497463205045344,
      "min_rouge_1": 0.0,
      "max_rouge_1": 0.5,
      "avg_rouge_2": 0.04544660125974045,
      "std_rouge_2": 0.041766360032721245,
      "min_rouge_2": 0.0,
      "max_rouge_2": 0.2631578947368421,
      "avg_rouge_l": 0.10968581005772662,
      "std_rouge_l": 0.054363100814930565,
      "min_rouge_l": 0.0,
      "max_rouge_l": 0.31746031746031744,
      "avg_bleu": 0.014259366398456647,
      "std_bleu": 0.020539088026656212,
      "min_bleu": 0.0,
      "max_bleu": 0.1553836061115764,
      "avg_overall_score": 0.41913245120018083,
      "std_overall_score": 0.05304527545661183,
      "min_overall_score": 0.20003610213987424,
      "max_overall_score": 0.5488925100991332,
      "method": "Vanilla RAG"
    },
    {
      "total_questions": 1000,
      "valid_responses": 1000,
      "error_responses": 0,
      "success_rate": 1.0,
      "avg_answer_similarity": 0.8022638293889471,
      "std_answer_similarity": 0.08433745065039475,
      "min_answer_similarity": 0.4266315343160176,
      "max_answer_similarity": 0.941055199708909,
      "avg_question_answer_relevance": 0.8530430152833125,
      "std_question_answer_relevance": 0.04248056516651008,
      "min_question_answer_relevance": 0.7329856973227636,
      "max_question_answer_relevance": 0.9587192694685555,
      "avg_rouge_1": 0.2545927651759962,
      "std_rouge_1": 0.12345934430390809,
      "min_rouge_1": 0.0,
      "max_rouge_1": 0.5348189415041783,
      "avg_rouge_2": 0.07206809033606033,
      "std_rouge_2": 0.050302049710416144,
      "min_rouge_2": 0.0,
      "max_rouge_2": 0.2669584245076586,
      "avg_rouge_l": 0.14299800968334905,
      "std_rouge_l": 0.06173212141035618,
      "min_rouge_l": 0.0,
      "max_rouge_l": 0.32727272727272727,
      "avg_bleu": 0.026457374115758145,
      "std_bleu": 0.027242938497747407,
      "min_bleu": 0.0,
      "max_bleu": 0.16151584650976794,
      "avg_overall_score": 0.45846719462660235,
      "std_overall_score": 0.05599714082059934,
      "min_overall_score": 0.25461123220809556,
      "max_overall_score": 0.596176359490968,
      "method": "Direct LLM (No RAG)"
    }
  ],
  "comparison": {
    "best_overall_score": "Direct LLM (No RAG)",
    "best_answer_similarity": "Direct LLM (No RAG)",
    "best_question_answer_relevance": "Vanilla RAG",
    "best_rouge_l": "Direct LLM (No RAG)",
    "best_bleu": "Direct LLM (No RAG)"
  }
}