{
  "method": "CVDGraphRAG (base)",
  "total_questions": 1000,
  "answer_similarity": {
    "mean": 0.766165,
    "std": 0.08844205885776292,
    "min": 0.438,
    "max": 0.931
  },
  "question_answer_relevance": {
    "mean": 0.857135,
    "std": 0.07241399571215498,
    "min": 0.495,
    "max": 0.975
  },
  "rouge_1": {
    "mean": 0.195005,
    "std": 0.11916717238820429,
    "min": 0.0,
    "max": 0.577
  },
  "rouge_2": {
    "mean": 0.059269999999999996,
    "std": 0.056457037648109026,
    "min": 0.0,
    "max": 0.343
  },
  "rouge_l": {
    "mean": 0.12191,
    "std": 0.0725829311890888,
    "min": 0.0,
    "max": 0.486
  },
  "bleu": {
    "mean": 0.017785,
    "std": 0.024918041154954378,
    "min": 0.0,
    "max": 0.153
  },
  "overall_score": {
    "mean": 0.43337000000000003,
    "std": 0.058356774242584716,
    "min": 0.26,
    "max": 0.602
  }
}